blocks;0;1;2;3;4;5;6;7;8;9;10;11;12;13;14;15;16;17;18;19;20;21;22;23;24;25;26;27;28;29;30;31;32;33;34;35;36;37;38;39;40;41;42;43;44;45;46;47;48;49;50;51;52;53;54;55;56;57;58;59;60;61;62;63;64;65;66;67;68;69;70;71;72;73;74;75;76;77;78;79;80;81;82;83;84;85;86;87;88;89;90;91;92;93;94;95;96;97;98;99;100;101;102;103;104;105;106;107;108;109;110;111;112;113;114;115;116;117;118;119;120;121;122;123;124;125;126;127;128;129;130;131;132;133;134;135;136;137;138;139;140;141;142;143;144;145;146;147;148;149;150;151;152;153;154;155;156;157;158;159;160;161;162;163;164;165;166;167;168;169;170;171;172;173;174;175;176;177;178;179;180;181;182;183;184;185;186;187;188;189;190;191;192;193;194;195;196;197;198;199;200;201;202;203;204;205;206;207;208;209;210;211;212;213;214;215;216;217;218;219;220;221;222;223;224;225;226;227;228;229;230;231;232;233;234;235;236;237;238;239;240;241;242;243
0;;ICE_0 ;;;;new_train_s_0 ;new_train_s_0 ;;;;;RE_0 ;RE_0 ;;;;;;;;;ICE_1 ;;;;;;;;;;RE_1 ;RE_1 ;;;;;;;;;ICE_2 ;;;;;;;;;;RE_2 ;RE_2 ;;;;;;;;;ICE_3 ;;;;;;;;;;RE_3 ;RE_3 ;;;;;;;;;;;;;;;;;;;RE_4 ;RE_4 ;;;;;;;;;;;;;;;;;;;RE_5 ;RE_5 ;;;;;;;;;;;;;;;;;;;;;;;;;;;;;;;;;;;;;;;;;;;;;;;;;;;;;;;;;;;;;;;;;;;;;;;;;;;;;;;;;;;;;;;;;;;;;;;;;;;;;;;;;;;;;;;;;;;;;;;;;;;;;;;;;;;
0#;;;ICE_0 ;;;;;new_train_s_0 ;;;;;;RE_0 ;;;;;;;;;ICE_1 ;;;;;;;;;;;RE_1 ;;;;;;;;;ICE_2 ;;;;;;;;;;;RE_2 ;;;;;;;;;ICE_3 ;;;;;;;;;;;RE_3 ;;;;;;;;;;;;;;;;;;;;RE_4 ;;;;;;;;;;;;;;;;;;;;RE_5 ;;;;;;;;;;;;;;;;;;;;;;;;;;;;;;;;;;;;;;;;;;;;;;;;;;;;;;;;;;;;;;;;;;;;;;;;;;;;;;;;;;;;;;;;;;;;;;;;;;;;;;;;;;;;;;;;;;;;;;;;;;;;;;;;;;
1;;;;ICE_0 ;;;;;new_train_s_0 ;new_train_s_0 ;;;;;RE_0 ;RE_0 ;;;;;;;;ICE_1 ;;;;;;;;;;;RE_1 ;RE_1 ;;;;;;;;ICE_2 ;;;;;;;;;;;RE_2 ;RE_2 ;;;;;;;;ICE_3 ;;;;;;;;;;;RE_3 ;RE_3 ;;;;;;;;;;;;;;;;;;;RE_4 ;RE_4 ;;;;;;;;;;;;;;;;;;;RE_5 ;RE_5 ;;;;;;;;;;;;;;;;;;;;;;;;;;;;;;;;;;;;;;;;;;;;;;;;;;;;;;;;;;;;;;;;;;;;;;;;;;;;;;;;;;;;;;;;;;;;;;;;;;;;;;;;;;;;;;;;;;;;;;;;;;;;;;;;
1#;;;;;ICE_0 ;;;;;;new_train_s_0 ;;;;;;RE_0 ;;;;;;;;ICE_1 ;;;;;;;;;;;;RE_1 ;;;;;;;;ICE_2 ;;;;;;;;;;;;RE_2 ;;;;;;;;ICE_3 ;;;;;;;;;;;;RE_3 ;;;;;;;;;;;;;;;;;;;;RE_4 ;;;;;;;;;;;;;;;;;;;;RE_5 ;;;;;;;;;;;;;;;;;;;;;;;;;;;;;;;;;;;;;;;;;;;;;;;;;;;;;;;;;;;;;;;;;;;;;;;;;;;;;;;;;;;;;;;;;;;;;;;;;;;;;;;;;;;;;;;;;;;;;;;;;;;;;;;
2;;;;;;ICE_0 ;;;;;;new_train_s_0 ;new_train_s_0 ;;;;;RE_0 ;RE_0 ;;;;;;;ICE_1 ;;;;;;;;;;;;RE_1 ;RE_1 ;;;;;;;ICE_2 ;;;;;;;;;;;;RE_2 ;RE_2 ;;;;;;;ICE_3 ;;;;;;;;;;;;RE_3 ;RE_3 ;;;;;;;;;;;;;;;;;;;RE_4 ;RE_4 ;;;;;;;;;;;;;;;;;;;RE_5 ;RE_5 ;;;;;;;;;;;;;;;;;;;;;;;;;;;;;;;;;;;;;;;;;;;;;;;;;;;;;;;;;;;;;;;;;;;;;;;;;;;;;;;;;;;;;;;;;;;;;;;;;;;;;;;;;;;;;;;;;;;;;;;;;;;;;
2#;;;;;;;ICE_0 ;;;;;;;new_train_s_0 ;;;;;;RE_0 ;;;;;;;ICE_1 ;;;;;;;;;;;;;RE_1 ;;;;;;;ICE_2 ;;;;;;;;;;;;;RE_2 ;;;;;;;ICE_3 ;;;;;;;;;;;;;RE_3 ;;;;;;;;;;;;;;;;;;;;RE_4 ;;;;;;;;;;;;;;;;;;;;RE_5 ;;;;;;;;;;;;;;;;;;;;;;;;;;;;;;;;;;;;;;;;;;;;;;;;;;;;;;;;;;;;;;;;;;;;;;;;;;;;;;;;;;;;;;;;;;;;;;;;;;;;;;;;;;;;;;;;;;;;;;;;;;;;
3;;;;;;;;ICE_0 ;;;;;;;new_train_s_0 ;;;;;;RE_0 ;;;;;;;ICE_1 ;;;;;;;;;;;;;RE_1 ;;;;;;;ICE_2 ;;;;;;;;;;;;;RE_2 ;;;;;;;ICE_3 ;;;;;;;;;;;;;RE_3 ;;;;;;;;;;;;;;;;;;;;RE_4 ;;;;;;;;;;;;;;;;;;;;RE_5 ;;;;;;;;;;;;;;;;;;;;;;;;;;;;;;;;;;;;;;;;;;;;;;;;;;;;;;;;;;;;;;;;;;;;;;;;;;;;;;;;;;;;;;;;;;;;;;;;;;;;;;;;;;;;;;;;;;;;;;;;;;;
4;;;;;;;;;ICE_0 ;;;;;;;new_train_s_0 ;new_train_s_0 ;;;;;RE_0 ;RE_0 ;;;;;;ICE_1 ;;;;;;;;;;;;;RE_1 ;RE_1 ;;;;;;ICE_2 ;;;;;;;;;;;;;RE_2 ;RE_2 ;;;;;;ICE_3 ;;;;;;;;;;;;;RE_3 ;RE_3 ;;;;;;;;;;;;;;;;;;;RE_4 ;RE_4 ;;;;;;;;;;;;;;;;;;;RE_5 ;RE_5 ;;;;;;;;;;;;;;;;;;;;;;;;;;;;;;;;;;;;;;;;;;;;;;;;;;;;;;;;;;;;;;;;;;;;;;;;;;;;;;;;;;;;;;;;;;;;;;;;;;;;;;;;;;;;;;;;;;;;;;;;;
5;;;;;;;;;;ICE_0 ;;;;;;;;new_train_s_0 ;;;;;;RE_0 ;;;;;;ICE_1 ;;;;;;;;;;;;;;RE_1 ;;;;;;ICE_2 ;;;;;;;;;;;;;;RE_2 ;;;;;;ICE_3 ;;;;;;;;;;;;;;RE_3 ;;;;;;;;;;;;;;;;;;;;RE_4 ;;;;;;;;;;;;;;;;;;;;RE_5 ;;;;;;;;;;;;;;;;;;;;;;;;;;;;;;;;;;;;;;;;;;;;;;;;;;;;;;;;;;;;;;;;;;;;;;;;;;;;;;;;;;;;;;;;;;;;;;;;;;;;;;;;;;;;;;;;;;;;;;;;
5#;;;;;;;;;;;ICE_0 ;;;;;;;;new_train_s_0 ;;;;;;RE_0 ;;;;;;ICE_1 ;;;;;;;;;;;;;;RE_1 ;;;;;;ICE_2 ;;;;;;;;;;;;;;RE_2 ;;;;;;ICE_3 ;;;;;;;;;;;;;;RE_3 ;;;;;;;;;;;;;;;;;;;;RE_4 ;;;;;;;;;;;;;;;;;;;;RE_5 ;;;;;;;;;;;;;;;;;;;;;;;;;;;;;;;;;;;;;;;;;;;;;;;;;;;;;;;;;;;;;;;;;;;;;;;;;;;;;;;;;;;;;;;;;;;;;;;;;;;;;;;;;;;;;;;;;;;;;;;
6;;;;;;;;;;;;ICE_0 ;;;;;;;;new_train_s_0 ;new_train_s_0 ;;;;;RE_0 ;RE_0 ;;;;;ICE_1 ;;;;;;;;;;;;;;RE_1 ;RE_1 ;;;;;ICE_2 ;;;;;;;;;;;;;;RE_2 ;RE_2 ;;;;;ICE_3 ;;;;;;;;;;;;;;RE_3 ;RE_3 ;;;;;;;;;;;;;;;;;;;RE_4 ;RE_4 ;;;;;;;;;;;;;;;;;;;RE_5 ;RE_5 ;;;;;;;;;;;;;;;;;;;;;;;;;;;;;;;;;;;;;;;;;;;;;;;;;;;;;;;;;;;;;;;;;;;;;;;;;;;;;;;;;;;;;;;;;;;;;;;;;;;;;;;;;;;;;;;;;;;;;
6#;;;;;;;;;;;;;ICE_0 ;;;;;;;;;new_train_s_0 ;new_train_s_0 ;new_train_s_0 ;new_train_s_0 ;new_train_s_0 ;new_train_s_0 ;RE_0 new_train_s_0 ;new_train_s_0 ;new_train_s_0 ;new_train_s_0 ;new_train_s_0 ;ICE_1 new_train_s_0 ;new_train_s_0 ;new_train_s_0 ;;;;;;;;;;;;;RE_1 ;RE_1 ;RE_1 ;RE_1 ;RE_1 ;ICE_2 RE_1 ;RE_1 ;;;;;;;;;;;;;;RE_2 ;;;;;ICE_3 ;;;;;;;;;;;;;;;RE_3 ;;;;;;;;;;;;;;;;;;;;RE_4 ;;;;;;;;;;;;;;;;;;;;RE_5 ;;;;;;;;;;;;;;;;;;;;;;;;;;;;;;;;;;;;;;;;;;;;;;;;;;;;;;;;;;;;;;;;;;;;;;;;;;;;;;;;;;;;;;;;;;;;;;;;;;;;;;;;;;;;;;;;;;;;
7;;;;;;;;;;;;;;ICE_0 ;;;;;;;;;;;;;;;RE_0 ;RE_0 ;RE_0 ;RE_0 ;RE_0 ;ICE_1 RE_0 ;RE_0 ;new_train_s_0 ;;;;;;;;;;;;;;;;;;ICE_2 ;RE_1 ;;;;;;;;;;;;;;RE_2 ;RE_2 ;RE_2 ;RE_2 ;RE_2 ;ICE_3 RE_2 ;RE_2 ;;;;;;;;;;;;;;RE_3 ;;;;;;;;;;;;;;;;;;;;RE_4 ;;;;;;;;;;;;;;;;;;;;RE_5 ;;;;;;;;;;;;;;;;;;;;;;;;;;;;;;;;;;;;;;;;;;;;;;;;;;;;;;;;;;;;;;;;;;;;;;;;;;;;;;;;;;;;;;;;;;;;;;;;;;;;;;;;;;;;;;;;;;;
7#;;;;;;;;;;;;;;;ICE_0 ;;;;;;;;;;;;;;;;;;;;ICE_1 ;RE_0 ;RE_0 new_train_s_0 ;new_train_s_0 ;;;;;;;;;;;;;;;;;ICE_2 ;RE_1 ;RE_1 ;;;;;;;;;;;;;;;;;;ICE_3 ;RE_2 ;RE_2 ;;;;;;;;;;;;;RE_3 ;RE_3 ;;;;;;;;;;;;;;;;;;;RE_4 ;RE_4 ;;;;;;;;;;;;;;;;;;;RE_5 ;RE_5 ;;;;;;;;;;;;;;;;;;;;;;;;;;;;;;;;;;;;;;;;;;;;;;;;;;;;;;;;;;;;;;;;;;;;;;;;;;;;;;;;;;;;;;;;;;;;;;;;;;;;;;;;;;;;;;;;;
8;;;;;;;;;;;;;;;;ICE_0 ;;;;;;;;;;;;;;;;;;;;ICE_1 ;;RE_0 ;new_train_s_0 ;;;;;;;;;;;;;;;;;ICE_2 ;;RE_1 ;;;;;;;;;;;;;;;;;;ICE_3 ;;RE_2 ;;;;;;;;;;;;;;RE_3 ;;;;;;;;;;;;;;;;;;;;RE_4 ;;;;;;;;;;;;;;;;;;;;RE_5 ;;;;;;;;;;;;;;;;;;;;;;;;;;;;;;;;;;;;;;;;;;;;;;;;;;;;;;;;;;;;;;;;;;;;;;;;;;;;;;;;;;;;;;;;;;;;;;;;;;;;;;;;;;;;;;;;
8#;;;;;;;;;;;;;;;;;ICE_0 ;;;;;;;;;;;;;;;;;;;;ICE_1 ;;RE_0 ;RE_0 new_train_s_0 ;new_train_s_0 ;;;;;;;;;;;;;;;;ICE_2 ;;RE_1 ;RE_1 ;;;;;;;;;;;;;;;;;ICE_3 ;;RE_2 ;RE_2 ;;;;;;;;;;;;;RE_3 ;RE_3 ;;;;;;;;;;;;;;;;;;;RE_4 ;RE_4 ;;;;;;;;;;;;;;;;;;;RE_5 ;RE_5 ;;;;;;;;;;;;;;;;;;;;;;;;;;;;;;;;;;;;;;;;;;;;;;;;;;;;;;;;;;;;;;;;;;;;;;;;;;;;;;;;;;;;;;;;;;;;;;;;;;;;;;;;;;;;;;
9;;;;;;;;;;;;;;;;;;ICE_0 ;;;;;;;;;;;;;;;;;;;;ICE_1 ;;;RE_0 ;RE_0 new_train_s_0 ;new_train_s_0 ;;;;;;;;;;;;;;;ICE_2 ;;;RE_1 ;RE_1 ;;;;;;;;;;;;;;;;ICE_3 ;;;RE_2 ;RE_2 ;;;;;;;;;;;;;RE_3 ;RE_3 ;;;;;;;;;;;;;;;;;;;RE_4 ;RE_4 ;;;;;;;;;;;;;;;;;;;RE_5 ;RE_5 ;;;;;;;;;;;;;;;;;;;;;;;;;;;;;;;;;;;;;;;;;;;;;;;;;;;;;;;;;;;;;;;;;;;;;;;;;;;;;;;;;;;;;;;;;;;;;;;;;;;;;;;;;;;;
9#;;;;;;;;;;;;;;;;;;;ICE_0 ;;;;;;;;;;;;;;;;;;;;ICE_1 ;;;;RE_0 ;new_train_s_0 ;;;;;;;;;;;;;;;ICE_2 ;;;;RE_1 ;;;;;;;;;;;;;;;;ICE_3 ;;;;RE_2 ;;;;;;;;;;;;;;RE_3 ;;;;;;;;;;;;;;;;;;;;RE_4 ;;;;;;;;;;;;;;;;;;;;RE_5 ;;;;;;;;;;;;;;;;;;;;;;;;;;;;;;;;;;;;;;;;;;;;;;;;;;;;;;;;;;;;;;;;;;;;;;;;;;;;;;;;;;;;;;;;;;;;;;;;;;;;;;;;;;;
10;;;;;;;;;;;;;;;;;;;;ICE_0 ;;;;;;;;;;;;;;;;;;;;ICE_1 ;;;;RE_0 ;RE_0 new_train_s_0 ;new_train_s_0 ;;;;;;;;;;;;;;ICE_2 ;;;;RE_1 ;RE_1 ;;;;;;;;;;;;;;;ICE_3 ;;;;RE_2 ;RE_2 ;;;;;;;;;;;;;RE_3 ;RE_3 ;;;;;;;;;;;;;;;;;;;RE_4 ;RE_4 ;;;;;;;;;;;;;;;;;;;RE_5 ;RE_5 ;;;;;;;;;;;;;;;;;;;;;;;;;;;;;;;;;;;;;;;;;;;;;;;;;;;;;;;;;;;;;;;;;;;;;;;;;;;;;;;;;;;;;;;;;;;;;;;;;;;;;;;;;
10#;;;;;;;;;;;;;;;;;;;;;ICE_0 ;;;;;;;;;;;;;;;;;;;;ICE_1 ;;;;;RE_0 ;RE_0 new_train_s_0 ;new_train_s_0 ;;;;;;;;;;;;;ICE_2 ;;;;;RE_1 ;RE_1 ;;;;;;;;;;;;;;ICE_3 ;;;;;RE_2 ;RE_2 ;;;;;;;;;;;;;RE_3 ;RE_3 ;;;;;;;;;;;;;;;;;;;RE_4 ;RE_4 ;;;;;;;;;;;;;;;;;;;RE_5 ;RE_5 ;;;;;;;;;;;;;;;;;;;;;;;;;;;;;;;;;;;;;;;;;;;;;;;;;;;;;;;;;;;;;;;;;;;;;;;;;;;;;;;;;;;;;;;;;;;;;;;;;;;;;;;
11;;;;;;;;;;;;;;;;;;;;;;ICE_0 ;;;;;;;;;;;;;;;;;;;;ICE_1 ;;;;;;RE_0 ;RE_0 new_train_s_0 ;new_train_s_0 ;;;;;;;;;;;;ICE_2 ;;;;;;RE_1 ;RE_1 ;;;;;;;;;;;;;ICE_3 ;;;;;;RE_2 ;RE_2 ;;;;;;;;;;;;;RE_3 ;RE_3 ;;;;;;;;;;;;;;;;;;;RE_4 ;RE_4 ;;;;;;;;;;;;;;;;;;;RE_5 ;RE_5 ;;;;;;;;;;;;;;;;;;;;;;;;;;;;;;;;;;;;;;;;;;;;;;;;;;;;;;;;;;;;;;;;;;;;;;;;;;;;;;;;;;;;;;;;;;;;;;;;;;;;;
12;;;;;;;;;;;;;;;;;;;;;;;ICE_0 ;;;;;;;;;;;;;;;;;;;;ICE_1 ;;;;;;;RE_0 ;new_train_s_0 ;;;;;;;;;;;;ICE_2 ;;;;;;;RE_1 ;;;;;;;;;;;;;ICE_3 ;;;;;;;RE_2 ;;;;;;;;;;;;;;RE_3 ;;;;;;;;;;;;;;;;;;;;RE_4 ;;;;;;;;;;;;;;;;;;;;RE_5 ;;;;;;;;;;;;;;;;;;;;;;;;;;;;;;;;;;;;;;;;;;;;;;;;;;;;;;;;;;;;;;;;;;;;;;;;;;;;;;;;;;;;;;;;;;;;;;;;;;;;
13;;;;;;;;;;;;;;;;;;;;;;;;ICE_0 ;;;;;;;;;;;;;;;;;;;;ICE_1 ;;;;;;;RE_0 ;RE_0 new_train_s_0 ;new_train_s_0 ;;;;;;;;;;;ICE_2 ;;;;;;;RE_1 ;RE_1 ;;;;;;;;;;;;ICE_3 ;;;;;;;RE_2 ;RE_2 ;;;;;;;;;;;;;RE_3 ;RE_3 ;;;;;;;;;;;;;;;;;;;RE_4 ;RE_4 ;;;;;;;;;;;;;;;;;;;RE_5 ;RE_5 ;;;;;;;;;;;;;;;;;;;;;;;;;;;;;;;;;;;;;;;;;;;;;;;;;;;;;;;;;;;;;;;;;;;;;;;;;;;;;;;;;;;;;;;;;;;;;;;;;;
14;;;;;;;;;;;;;;;;;;;;;;;;;ICE_0 ;;;;;;;;;;;;;;;;;;;;ICE_1 ;;;;;;;;RE_0 ;new_train_s_0 ;;;;;;;;;;;ICE_2 ;;;;;;;;RE_1 ;;;;;;;;;;;;ICE_3 ;;;;;;;;RE_2 ;;;;;;;;;;;;;;RE_3 ;;;;;;;;;;;;;;;;;;;;RE_4 ;;;;;;;;;;;;;;;;;;;;RE_5 ;;;;;;;;;;;;;;;;;;;;;;;;;;;;;;;;;;;;;;;;;;;;;;;;;;;;;;;;;;;;;;;;;;;;;;;;;;;;;;;;;;;;;;;;;;;;;;;;;
15;;;;;;;;;;;;;;;;;;;;;;;;;;ICE_0 ;;;;;;;;;;;;;;;;;;;;ICE_1 ;;;;;;;;RE_0 ;new_train_s_0 ;;;;;;;;;;;ICE_2 ;;;;;;;;RE_1 ;;;;;;;;;;;;ICE_3 ;;;;;;;;RE_2 ;;;;;;;;;;;;;;RE_3 ;;;;;;;;;;;;;;;;;;;;RE_4 ;;;;;;;;;;;;;;;;;;;;RE_5 ;;;;;;;;;;;;;;;;;;;;;;;;;;;;;;;;;;;;;;;;;;;;;;;;;;;;;;;;;;;;;;;;;;;;;;;;;;;;;;;;;;;;;;;;;;;;;;;;
15#;;;;;;;;;;;;;;;;;;;;;;;;;;;ICE_0 ;;;;;;;;;;;;;;;;;;;;ICE_1 ;;;;;;;;RE_0 ;new_train_s_0 ;;;;;;;;;;;ICE_2 ;;;;;;;;RE_1 ;;;;;;;;;;;;ICE_3 ;;;;;;;;RE_2 ;;;;;;;;;;;;;;RE_3 ;;;;;;;;;;;;;;;;;;;;RE_4 ;;;;;;;;;;;;;;;;;;;;RE_5 ;;;;;;;;;;;;;;;;;;;;;;;;;;;;;;;;;;;;;;;;;;;;;;;;;;;;;;;;;;;;;;;;;;;;;;;;;;;;;;;;;;;;;;;;;;;;;;;
16;;;;;;;;;;;;;;;;;;;;;;;;;;;;ICE_0 ;;;;;;;;;;;;;;;;;;;;ICE_1 ;;;;;;;;RE_0 ;RE_0 new_train_s_0 ;new_train_s_0 ;;;;;;;;;;ICE_2 ;;;;;;;;RE_1 ;RE_1 ;;;;;;;;;;;ICE_3 ;;;;;;;;RE_2 ;RE_2 ;;;;;;;;;;;;;RE_3 ;RE_3 ;;;;;;;;;;;;;;;;;;;RE_4 ;RE_4 ;;;;;;;;;;;;;;;;;;;RE_5 ;RE_5 ;;;;;;;;;;;;;;;;;;;;;;;;;;;;;;;;;;;;;;;;;;;;;;;;;;;;;;;;;;;;;;;;;;;;;;;;;;;;;;;;;;;;;;;;;;;;;
16#;;;;;;;;;;;;;;;;;;;;;;;;;;;;;ICE_0 ;;;;;;;;;;;;;;;;;;;;ICE_1 ;;;;;;;;;RE_0 ;RE_0 new_train_s_0 ;new_train_s_0 ;;;;;;;;;ICE_2 ;;;;;;;;;RE_1 ;RE_1 ;;;;;;;;;;ICE_3 ;;;;;;;;;RE_2 ;RE_2 ;;;;;;;;;;;;;RE_3 ;RE_3 ;;;;;;;;;;;;;;;;;;;RE_4 ;RE_4 ;;;;;;;;;;;;;;;;;;;RE_5 ;RE_5 ;;;;;;;;;;;;;;;;;;;;;;;;;;;;;;;;;;;;;;;;;;;;;;;;;;;;;;;;;;;;;;;;;;;;;;;;;;;;;;;;;;;;;;;;;;;
17;;;;;;;;;;;;;;;;;;;;;;;;;;;;;;ICE_0 ;;;;;;;;;;;;;;;;;;;;ICE_1 ;;;;;;;;;;RE_0 ;new_train_s_0 ;;;;;;;;;ICE_2 ;;;;;;;;;;RE_1 ;;;;;;;;;;ICE_3 ;;;;;;;;;;RE_2 ;;;;;;;;;;;;;;RE_3 ;;;;;;;;;;;;;;;;;;;;RE_4 ;;;;;;;;;;;;;;;;;;;;RE_5 ;;;;;;;;;;;;;;;;;;;;;;;;;;;;;;;;;;;;;;;;;;;;;;;;;;;;;;;;;;;;;;;;;;;;;;;;;;;;;;;;;;;;;;;;;;
17#;;;;;;;;;;;;;;;;;;;;;;;;;;;;;;;ICE_0 ;;;;;;;;;;;;;;;;;;;;ICE_1 ;;;;;;;;;;RE_0 ;RE_0 new_train_s_0 ;new_train_s_0 ;;;;;;;;ICE_2 ;;;;;;;;;;RE_1 ;RE_1 ;;;;;;;;;ICE_3 ;;;;;;;;;;RE_2 ;RE_2 ;;;;;;;;;;;;;RE_3 ;RE_3 ;;;;;;;;;;;;;;;;;;;RE_4 ;RE_4 ;;;;;;;;;;;;;;;;;;;RE_5 ;RE_5 ;;;;;;;;;;;;;;;;;;;;;;;;;;;;;;;;;;;;;;;;;;;;;;;;;;;;;;;;;;;;;;;;;;;;;;;;;;;;;;;;;;;;;;;;
18;;;;;;;;;;;;;;;;;;;;;;;;;;;;;;;;ICE_0 ;;;;;;;;;;;;;;;;;;;;ICE_1 ;;;;;;;;;;;RE_0 ;RE_0 new_train_s_0 ;new_train_s_0 ;;;;;;;ICE_2 ;;;;;;;;;;;RE_1 ;RE_1 ;;;;;;;;ICE_3 ;;;;;;;;;;;RE_2 ;RE_2 ;;;;;;;;;;;;;RE_3 ;RE_3 ;;;;;;;;;;;;;;;;;;;RE_4 ;RE_4 ;;;;;;;;;;;;;;;;;;;RE_5 ;RE_5 ;;;;;;;;;;;;;;;;;;;;;;;;;;;;;;;;;;;;;;;;;;;;;;;;;;;;;;;;;;;;;;;;;;;;;;;;;;;;;;;;;;;;;;
19;;;;;;;;;;;;;;;;;;;;;;;;;;;;;;;;;ICE_0 ;;;;;;;;;;;;;;;;;;;;ICE_1 ;;;;;;;;;;;;RE_0 ;new_train_s_0 ;;;;;;;ICE_2 ;;;;;;;;;;;;RE_1 ;;;;;;;;ICE_3 ;;;;;;;;;;;;RE_2 ;;;;;;;;;;;;;;RE_3 ;;;;;;;;;;;;;;;;;;;;RE_4 ;;;;;;;;;;;;;;;;;;;;RE_5 ;;;;;;;;;;;;;;;;;;;;;;;;;;;;;;;;;;;;;;;;;;;;;;;;;;;;;;;;;;;;;;;;;;;;;;;;;;;;;;;;;;;;;
20;;;;;;;;;;;;;;;;;;;;;;;;;;;;;;;;;;ICE_0 ;;;;;;;;;;;;;;;;;;;;ICE_1 ;;;;;;;;;;;;RE_0 ;RE_0 new_train_s_0 ;new_train_s_0 ;;;;;;ICE_2 ;;;;;;;;;;;;RE_1 ;RE_1 ;;;;;;;ICE_3 ;;;;;;;;;;;;RE_2 ;RE_2 ;;;;;;;;;;;;;RE_3 ;RE_3 ;;;;;;;;;;;;;;;;;;;RE_4 ;RE_4 ;;;;;;;;;;;;;;;;;;;RE_5 ;RE_5 ;;;;;;;;;;;;;;;;;;;;;;;;;;;;;;;;;;;;;;;;;;;;;;;;;;;;;;;;;;;;;;;;;;;;;;;;;;;;;;;;;;;
20#;;;;;;;;;;;;;;;;;;;;;;;;;;;;;;;;;;;ICE_0 ;;;;;;;;;;;;;;;;;;;;ICE_1 ;;;;;;;;;;;;;RE_0 ;RE_0 new_train_s_0 ;new_train_s_0 ;;;;;ICE_2 ;;;;;;;;;;;;;RE_1 ;RE_1 ;;;;;;ICE_3 ;;;;;;;;;;;;;RE_2 ;RE_2 ;;;;;;;;;;;;;RE_3 ;RE_3 ;;;;;;;;;;;;;;;;;;;RE_4 ;RE_4 ;;;;;;;;;;;;;;;;;;;RE_5 ;RE_5 ;;;;;;;;;;;;;;;;;;;;;;;;;;;;;;;;;;;;;;;;;;;;;;;;;;;;;;;;;;;;;;;;;;;;;;;;;;;;;;;;;
21;;;;;;;;;;;;;;;;;;;;;;;;;;;;;;;;;;;;ICE_0 ;ICE_0 ;ICE_0 ;ICE_0 ;ICE_0 ;ICE_0 ;ICE_0 ;ICE_0 ;ICE_0 ;ICE_0 ;;;;;;;;;;;ICE_1 ;ICE_1 ;ICE_1 ;ICE_1 ;ICE_1 ;ICE_1 ;ICE_1 ;ICE_1 ;ICE_1 ;ICE_1 ;;;;;RE_0 ;RE_0 new_train_s_0 ;RE_0 new_train_s_0 ;RE_0 new_train_s_0 ;new_train_s_0 ;;ICE_2 ;ICE_2 ;ICE_2 ;ICE_2 ;ICE_2 ;ICE_2 ;ICE_2 ;ICE_2 ;ICE_2 ;ICE_2 ;;;;;RE_1 ;RE_1 ;RE_1 ;RE_1 ;;;ICE_3 ;ICE_3 ;ICE_3 ;ICE_3 ;ICE_3 ;ICE_3 ;ICE_3 ;ICE_3 ;ICE_3 ;ICE_3 ;;;;;RE_2 ;RE_2 ;RE_2 ;RE_2 ;;;;;;;;;;;RE_3 ;RE_3 ;RE_3 ;RE_3 ;;;;;;;;;;;;;;;;;RE_4 ;RE_4 ;RE_4 ;RE_4 ;;;;;;;;;;;;;;;;;RE_5 ;RE_5 ;RE_5 ;RE_5 ;;;;;;;;;;;;;;;;;;;;;;;;;;;;;;;;;;;;;;;;;;;;;;;;;;;;;;;;;;;;;;;;;;;;;;;;;;;;;
21#;;;;;;;;;;;;;;;;;;;;;;;;;;;;;;;;;;;;;;;;;;;;;;ICE_0 ;;;;;;;;;;;;;;;;;;;;ICE_1 ;;;;;;;;RE_0 ;RE_0 new_train_s_0 ;new_train_s_0 ;;;;;;;;;;ICE_2 ;;;;;;;;RE_1 ;RE_1 ;;;;;;;;;;;ICE_3 ;;;;;;;;RE_2 ;RE_2 ;;;;;;;;;;;;;RE_3 ;RE_3 ;;;;;;;;;;;;;;;;;;;RE_4 ;RE_4 ;;;;;;;;;;;;;;;;;;;RE_5 ;RE_5 ;;;;;;;;;;;;;;;;;;;;;;;;;;;;;;;;;;;;;;;;;;;;;;;;;;;;;;;;;;;;;;;;;;;;;;;;;;;
22;;;;;;;;;;;;;;;;;;;;;;;;;;;;;;;;;;;;;;;;;;;;;;;ICE_0 ;;;;;;;;;;;;;;;;;;;;ICE_1 ;;;;;;;;;RE_0 ;RE_0 new_train_s_0 ;new_train_s_0 ;;;;;;;;;ICE_2 ;;;;;;;;;RE_1 ;RE_1 ;;;;;;;;;;ICE_3 ;;;;;;;;;RE_2 ;RE_2 ;;;;;;;;;;;;;RE_3 ;RE_3 ;;;;;;;;;;;;;;;;;;;RE_4 ;RE_4 ;;;;;;;;;;;;;;;;;;;RE_5 ;RE_5 ;;;;;;;;;;;;;;;;;;;;;;;;;;;;;;;;;;;;;;;;;;;;;;;;;;;;;;;;;;;;;;;;;;;;;;;;;
22#;;;;;;;;;;;;;;;;;;;;;;;;;;;;;;;;;;;;;;;;;;;;;;;;ICE_0 ;;;;;;;;;;;;;;;;;;;;ICE_1 ;;;;;;;;;;RE_0 ;new_train_s_0 ;;;;;;;;;ICE_2 ;;;;;;;;;;RE_1 ;;;;;;;;;;ICE_3 ;;;;;;;;;;RE_2 ;;;;;;;;;;;;;;RE_3 ;;;;;;;;;;;;;;;;;;;;RE_4 ;;;;;;;;;;;;;;;;;;;;RE_5 ;;;;;;;;;;;;;;;;;;;;;;;;;;;;;;;;;;;;;;;;;;;;;;;;;;;;;;;;;;;;;;;;;;;;;;;;
23;;;;;;;;;;;;;;;;;;;;;;;;;;;;;;;;;;;;;;;;;;;;;;;;;ICE_0 ;;;;;;;;;;;;;;;;;;;;ICE_1 ;;;;;;;;;;RE_0 ;RE_0 new_train_s_0 ;new_train_s_0 ;;;;;;;;ICE_2 ;;;;;;;;;;RE_1 ;RE_1 ;;;;;;;;;ICE_3 ;;;;;;;;;;RE_2 ;RE_2 ;;;;;;;;;;;;;RE_3 ;RE_3 ;;;;;;;;;;;;;;;;;;;RE_4 ;RE_4 ;;;;;;;;;;;;;;;;;;;RE_5 ;RE_5 ;;;;;;;;;;;;;;;;;;;;;;;;;;;;;;;;;;;;;;;;;;;;;;;;;;;;;;;;;;;;;;;;;;;;;;
24;;;;;;;;;;;;;;;;;;;;;;;;;;;;;;;;;;;;;;;;;;;;;;;;;;ICE_0 ;;;;;;;;;;;;;;;;;;;;ICE_1 ;;;;;;;;;;;RE_0 ;new_train_s_0 ;;;;;;;;ICE_2 ;;;;;;;;;;;RE_1 ;;;;;;;;;ICE_3 ;;;;;;;;;;;RE_2 ;;;;;;;;;;;;;;RE_3 ;;;;;;;;;;;;;;;;;;;;RE_4 ;;;;;;;;;;;;;;;;;;;;RE_5 ;;;;;;;;;;;;;;;;;;;;;;;;;;;;;;;;;;;;;;;;;;;;;;;;;;;;;;;;;;;;;;;;;;;;;
25;;;;;;;;;;;;;;;;;;;;;;;;;;;;;;;;;;;;;;;;;;;;;;;;;;;ICE_0 ;;;;;;;;;;;;;;;;;;;;ICE_1 ;;;;;;;;;;;RE_0 ;new_train_s_0 ;;;;;;;;ICE_2 ;;;;;;;;;;;RE_1 ;;;;;;;;;ICE_3 ;;;;;;;;;;;RE_2 ;;;;;;;;;;;;;;RE_3 ;;;;;;;;;;;;;;;;;;;;RE_4 ;;;;;;;;;;;;;;;;;;;;RE_5 ;;;;;;;;;;;;;;;;;;;;;;;;;;;;;;;;;;;;;;;;;;;;;;;;;;;;;;;;;;;;;;;;;;;;
26;;;;;;;;;;;;;;;;;;;;;;;;;;;;;;;;;;;;;;;;;;;;;;;;;;;;ICE_0 ;;;;;;;;;;;;;;;;;;;;ICE_1 ;;;;;;;;;;;RE_0 ;RE_0 new_train_s_0 ;new_train_s_0 ;;;;;;;ICE_2 ;;;;;;;;;;;RE_1 ;RE_1 ;;;;;;;;ICE_3 ;;;;;;;;;;;RE_2 ;RE_2 ;;;;;;;;;;;;;RE_3 ;RE_3 ;;;;;;;;;;;;;;;;;;;RE_4 ;RE_4 ;;;;;;;;;;;;;;;;;;;RE_5 ;RE_5 ;;;;;;;;;;;;;;;;;;;;;;;;;;;;;;;;;;;;;;;;;;;;;;;;;;;;;;;;;;;;;;;;;;
27;;;;;;;;;;;;;;;;;;;;;;;;;;;;;;;;;;;;;;;;;;;;;;;;;;;;;ICE_0 ;;;;;;;;;;;;;;;;;;;;ICE_1 ;;;;;;;;;;;;RE_0 ;new_train_s_0 ;;;;;;;ICE_2 ;;;;;;;;;;;;RE_1 ;;;;;;;;ICE_3 ;;;;;;;;;;;;RE_2 ;;;;;;;;;;;;;;RE_3 ;;;;;;;;;;;;;;;;;;;;RE_4 ;;;;;;;;;;;;;;;;;;;;RE_5 ;;;;;;;;;;;;;;;;;;;;;;;;;;;;;;;;;;;;;;;;;;;;;;;;;;;;;;;;;;;;;;;;;
28;;;;;;;;;;;;;;;;;;;;;;;;;;;;;;;;;;;;;;;;;;;;;;;;;;;;;;ICE_0 ;;;;;;;;;;;;;;;;;;;;ICE_1 ;;;;;;;;;;;;RE_0 ;RE_0 new_train_s_0 ;new_train_s_0 ;;;;;;ICE_2 ;;;;;;;;;;;;RE_1 ;RE_1 ;;;;;;;ICE_3 ;;;;;;;;;;;;RE_2 ;RE_2 ;;;;;;;;;;;;;RE_3 ;RE_3 ;;;;;;;;;;;;;;;;;;;RE_4 ;RE_4 ;;;;;;;;;;;;;;;;;;;RE_5 ;RE_5 ;;;;;;;;;;;;;;;;;;;;;;;;;;;;;;;;;;;;;;;;;;;;;;;;;;;;;;;;;;;;;;;
28#;;;;;;;;;;;;;;;;;;;;;;;;;;;;;;;;;;;;;;;;;;;;;;;;;;;;;;;ICE_0 ;;;;;;;;;;;;;;;;;;;;ICE_1 ;;;;;;;;;;;;;RE_0 ;new_train_s_0 ;;;;;;ICE_2 ;;;;;;;;;;;;;RE_1 ;;;;;;;ICE_3 ;;;;;;;;;;;;;RE_2 ;;;;;;;;;;;;;;RE_3 ;;;;;;;;;;;;;;;;;;;;RE_4 ;;;;;;;;;;;;;;;;;;;;RE_5 ;;;;;;;;;;;;;;;;;;;;;;;;;;;;;;;;;;;;;;;;;;;;;;;;;;;;;;;;;;;;;;
29;;;;;;;;;;;;;;;;;;;;;;;;;;;;;;;;;;;;;;;;;;;;;;;;;;;;;;;;ICE_0 ;ICE_0 ;ICE_0 ;ICE_0 ;ICE_0 ;ICE_0 ;ICE_0 ;ICE_0 ;ICE_0 ;ICE_0 ;;;;;;;;;;;ICE_1 ;ICE_1 ;ICE_1 ;ICE_1 ;ICE_1 ;ICE_1 ;ICE_1 ;ICE_1 ;ICE_1 ;ICE_1 ;;;;RE_0 ;RE_0 new_train_s_0 ;RE_0 new_train_s_0 ;RE_0 new_train_s_0 ;new_train_s_0 ;;;ICE_2 ;ICE_2 ;ICE_2 ;ICE_2 ;ICE_2 ;ICE_2 ;ICE_2 ;ICE_2 ;ICE_2 ;ICE_2 ;;;;RE_1 ;RE_1 ;RE_1 ;RE_1 ;;;;ICE_3 ;ICE_3 ;ICE_3 ;ICE_3 ;ICE_3 ;ICE_3 ;ICE_3 ;ICE_3 ;ICE_3 ;ICE_3 ;;;;RE_2 ;RE_2 ;RE_2 ;RE_2 ;;;;;;;;;;;RE_3 ;RE_3 ;RE_3 ;RE_3 ;;;;;;;;;;;;;;;;;RE_4 ;RE_4 ;RE_4 ;RE_4 ;;;;;;;;;;;;;;;;;RE_5 ;RE_5 ;RE_5 ;RE_5 ;;;;;;;;;;;;;;;;;;;;;;;;;;;;;;;;;;;;;;;;;;;;;;;;;;;;;;;;;;
29#;;;;;;;;;;;;;;;;;;;;;;;;;;;;;;;;;;;;;;;;;;;;;;;;;;;;;;;;;;;;;;;;;;ICE_0 ;;;;;;;;;;;;;;;;;;;;ICE_1 ;;;;;;;RE_0 ;RE_0 new_train_s_0 ;new_train_s_0 ;;;;;;;;;;;ICE_2 ;;;;;;;RE_1 ;RE_1 ;;;;;;;;;;;;ICE_3 ;;;;;;;RE_2 ;RE_2 ;;;;;;;;;;;;;RE_3 ;RE_3 ;;;;;;;;;;;;;;;;;;;RE_4 ;RE_4 ;;;;;;;;;;;;;;;;;;;RE_5 ;RE_5 ;;;;;;;;;;;;;;;;;;;;;;;;;;;;;;;;;;;;;;;;;;;;;;;;;;;;;;;;
30;;;;;;;;;;;;;;;;;;;;;;;;;;;;;;;;;;;;;;;;;;;;;;;;;;;;;;;;;;;;;;;;;;;ICE_0 ;;;;;;;;;;;;;;;;;;;;ICE_1 ;;;;;;;;RE_0 ;new_train_s_0 ;;;;;;;;;;;ICE_2 ;;;;;;;;RE_1 ;;;;;;;;;;;;ICE_3 ;;;;;;;;RE_2 ;;;;;;;;;;;;;;RE_3 ;;;;;;;;;;;;;;;;;;;;RE_4 ;;;;;;;;;;;;;;;;;;;;RE_5 ;;;;;;;;;;;;;;;;;;;;;;;;;;;;;;;;;;;;;;;;;;;;;;;;;;;;;;;
30#;;;;;;;;;;;;;;;;;;;;;;;;;;;;;;;;;;;;;;;;;;;;;;;;;;;;;;;;;;;;;;;;;;;;ICE_0 ;;;;;;;;;;;;;;;;;;;;ICE_1 ;;;;;;;;RE_0 ;RE_0 new_train_s_0 ;new_train_s_0 ;;;;;;;;;;ICE_2 ;;;;;;;;RE_1 ;RE_1 ;;;;;;;;;;;ICE_3 ;;;;;;;;RE_2 ;RE_2 ;;;;;;;;;;;;;RE_3 ;RE_3 ;;;;;;;;;;;;;;;;;;;RE_4 ;RE_4 ;;;;;;;;;;;;;;;;;;;RE_5 ;RE_5 ;;;;;;;;;;;;;;;;;;;;;;;;;;;;;;;;;;;;;;;;;;;;;;;;;;;;;
31;;;;;;;;;;;;;;;;;;;;;;;;;;;;;;;;;;;;;;;;;;;;;;;;;;;;;;;;;;;;;;;;;;;;;ICE_0 ;;;;;;;;;;;;;;;;;;;;ICE_1 ;;;;;;;;;RE_0 ;RE_0 new_train_s_0 ;new_train_s_0 ;;;;;;;;;ICE_2 ;;;;;;;;;RE_1 ;RE_1 ;;;;;;;;;;ICE_3 ;;;;;;;;;RE_2 ;RE_2 ;;;;;;;;;;;;;RE_3 ;RE_3 ;;;;;;;;;;;;;;;;;;;RE_4 ;RE_4 ;;;;;;;;;;;;;;;;;;;RE_5 ;RE_5 ;;;;;;;;;;;;;;;;;;;;;;;;;;;;;;;;;;;;;;;;;;;;;;;;;;;
32;;;;;;;;;;;;;;;;;;;;;;;;;;;;;;;;;;;;;;;;;;;;;;;;;;;;;;;;;;;;;;;;;;;;;;ICE_0 ;;;;;;;;;;;;;;;;;;;;ICE_1 ;;;;;;;;;;RE_0 ;new_train_s_0 ;;;;;;;;;ICE_2 ;;;;;;;;;;RE_1 ;;;;;;;;;;ICE_3 ;;;;;;;;;;RE_2 ;;;;;;;;;;;;;;RE_3 ;;;;;;;;;;;;;;;;;;;;RE_4 ;;;;;;;;;;;;;;;;;;;;RE_5 ;;;;;;;;;;;;;;;;;;;;;;;;;;;;;;;;;;;;;;;;;;;;;;;;;;
32#;;;;;;;;;;;;;;;;;;;;;;;;;;;;;;;;;;;;;;;;;;;;;;;;;;;;;;;;;;;;;;;;;;;;;;;ICE_0 ;;;;;;;;;;;;;;;;;;;;ICE_1 ;;;;;;;;;;RE_0 ;RE_0 new_train_s_0 ;new_train_s_0 ;;;;;;;;ICE_2 ;;;;;;;;;;RE_1 ;RE_1 ;;;;;;;;;ICE_3 ;;;;;;;;;;RE_2 ;RE_2 ;;;;;;;;;;;;;RE_3 ;RE_3 ;;;;;;;;;;;;;;;;;;;RE_4 ;RE_4 ;;;;;;;;;;;;;;;;;;;RE_5 ;RE_5 ;;;;;;;;;;;;;;;;;;;;;;;;;;;;;;;;;;;;;;;;;;;;;;;;
33;;;;;;;;;;;;;;;;;;;;;;;;;;;;;;;;;;;;;;;;;;;;;;;;;;;;;;;;;;;;;;;;;;;;;;;;ICE_0 ;ICE_0 ;ICE_0 ;ICE_0 ;ICE_0 ;ICE_0 ;ICE_0 ;ICE_0 ;ICE_0 ;ICE_0 ;;;;;;;;;;;ICE_1 ;ICE_1 ;ICE_1 ;ICE_1 ;ICE_1 ;ICE_1 ;ICE_1 ;ICE_1 ;ICE_1 ;ICE_1 ;;RE_0 ;RE_0 new_train_s_0 ;RE_0 new_train_s_0 ;RE_0 new_train_s_0 ;new_train_s_0 ;;;;;ICE_2 ;ICE_2 ;ICE_2 ;ICE_2 ;ICE_2 ;ICE_2 ;ICE_2 ;ICE_2 ;ICE_2 ;ICE_2 ;;RE_1 ;RE_1 ;RE_1 ;RE_1 ;;;;;;ICE_3 ;ICE_3 ;ICE_3 ;ICE_3 ;ICE_3 ;ICE_3 ;ICE_3 ;ICE_3 ;ICE_3 ;ICE_3 ;;RE_2 ;RE_2 ;RE_2 ;RE_2 ;;;;;;;;;;;RE_3 ;RE_3 ;RE_3 ;RE_3 ;;;;;;;;;;;;;;;;;RE_4 ;RE_4 ;RE_4 ;RE_4 ;;;;;;;;;;;;;;;;;RE_5 ;RE_5 ;RE_5 ;RE_5 ;;;;;;;;;;;;;;;;;;;;;;;;;;;;;;;;;;;;;;;;;;;;
33#;;;;;;;;;;;;;;;;;;;;;;;;;;;;;;;;;;;;;;;;;;;;;;;;;;;;;;;;;;;;;;;;;;;;;;;;;;;;;;;;;;ICE_0 ;;;;;;;;;;;;;;;;;;;;ICE_1 ;;;;;RE_0 ;new_train_s_0 ;;;;;;;;;;;;;;ICE_2 ;;;;;RE_1 ;;;;;;;;;;;;;;;ICE_3 ;;;;;RE_2 ;;;;;;;;;;;;;;RE_3 ;;;;;;;;;;;;;;;;;;;;RE_4 ;;;;;;;;;;;;;;;;;;;;RE_5 ;;;;;;;;;;;;;;;;;;;;;;;;;;;;;;;;;;;;;;;;;;;
34;;;;;;;;;;;;;;;;;;;;;;;;;;;;;;;;;;;;;;;;;;;;;;;;;;;;;;;;;;;;;;;;;;;;;;;;;;;;;;;;;;;ICE_0 ;;;;;;;;;;;;;;;;;;;;ICE_1 ;;;;;RE_0 ;RE_0 new_train_s_0 ;new_train_s_0 ;;;;;;;;;;;;;ICE_2 ;;;;;RE_1 ;RE_1 ;;;;;;;;;;;;;;ICE_3 ;;;;;RE_2 ;RE_2 ;;;;;;;;;;;;;RE_3 ;RE_3 ;;;;;;;;;;;;;;;;;;;RE_4 ;RE_4 ;;;;;;;;;;;;;;;;;;;RE_5 ;RE_5 ;;;;;;;;;;;;;;;;;;;;;;;;;;;;;;;;;;;;;;;;;
34#;;;;;;;;;;;;;;;;;;;;;;;;;;;;;;;;;;;;;;;;;;;;;;;;;;;;;;;;;;;;;;;;;;;;;;;;;;;;;;;;;;;;ICE_0 ;;;;;;;;;;;;;;;;;;;;ICE_1 ;;;;;;RE_0 ;RE_0 new_train_s_0 ;new_train_s_0 ;;;;;;;;;;;;ICE_2 ;;;;;;RE_1 ;RE_1 ;;;;;;;;;;;;;ICE_3 ;;;;;;RE_2 ;RE_2 ;;;;;;;;;;;;;RE_3 ;RE_3 ;;;;;;;;;;;;;;;;;;;RE_4 ;RE_4 ;;;;;;;;;;;;;;;;;;;RE_5 ;RE_5 ;;;;;;;;;;;;;;;;;;;;;;;;;;;;;;;;;;;;;;;
35;;;;;;;;;;;;;;;;;;;;;;;;;;;;;;;;;;;;;;;;;;;;;;;;;;;;;;;;;;;;;;;;;;;;;;;;;;;;;;;;;;;;;ICE_0 ;;;;;;;;;;;;;;;;;;;;ICE_1 ;;;;;;;RE_0 ;RE_0 new_train_s_0 ;new_train_s_0 ;;;;;;;;;;;ICE_2 ;;;;;;;RE_1 ;RE_1 ;;;;;;;;;;;;ICE_3 ;;;;;;;RE_2 ;RE_2 ;;;;;;;;;;;;;RE_3 ;RE_3 ;;;;;;;;;;;;;;;;;;;RE_4 ;RE_4 ;;;;;;;;;;;;;;;;;;;RE_5 ;RE_5 ;;;;;;;;;;;;;;;;;;;;;;;;;;;;;;;;;;;;;
36;;;;;;;;;;;;;;;;;;;;;;;;;;;;;;;;;;;;;;;;;;;;;;;;;;;;;;;;;;;;;;;;;;;;;;;;;;;;;;;;;;;;;;ICE_0 ;;;;;;;;;;;;;;;;;;;;ICE_1 ;;;;;;;;RE_0 ;new_train_s_0 ;;;;;;;;;;;ICE_2 ;;;;;;;;RE_1 ;;;;;;;;;;;;ICE_3 ;;;;;;;;RE_2 ;;;;;;;;;;;;;;RE_3 ;;;;;;;;;;;;;;;;;;;;RE_4 ;;;;;;;;;;;;;;;;;;;;RE_5 ;;;;;;;;;;;;;;;;;;;;;;;;;;;;;;;;;;;;
37;;;;;;;;;;;;;;;;;;;;;;;;;;;;;;;;;;;;;;;;;;;;;;;;;;;;;;;;;;;;;;;;;;;;;;;;;;;;;;;;;;;;;;;ICE_0 ;;;;;;;;;;;;;;;;;;;;ICE_1 ;;;;;;;;RE_0 ;RE_0 new_train_s_0 ;new_train_s_0 ;;;;;;;;;;ICE_2 ;;;;;;;;RE_1 ;RE_1 ;;;;;;;;;;;ICE_3 ;;;;;;;;RE_2 ;RE_2 ;;;;;;;;;;;;;RE_3 ;RE_3 ;;;;;;;;;;;;;;;;;;;RE_4 ;RE_4 ;;;;;;;;;;;;;;;;;;;RE_5 ;RE_5 ;;;;;;;;;;;;;;;;;;;;;;;;;;;;;;;;;;
37#;;;;;;;;;;;;;;;;;;;;;;;;;;;;;;;;;;;;;;;;;;;;;;;;;;;;;;;;;;;;;;;;;;;;;;;;;;;;;;;;;;;;;;;;ICE_0 ;;;;;;;;;;;;;;;;;;;;ICE_1 ;;;;;;;;;RE_0 ;RE_0 new_train_s_0 ;new_train_s_0 ;;;;;;;;;ICE_2 ;;;;;;;;;RE_1 ;RE_1 ;;;;;;;;;;ICE_3 ;;;;;;;;;RE_2 ;RE_2 ;;;;;;;;;;;;;RE_3 ;RE_3 ;;;;;;;;;;;;;;;;;;;RE_4 ;RE_4 ;;;;;;;;;;;;;;;;;;;RE_5 ;RE_5 ;;;;;;;;;;;;;;;;;;;;;;;;;;;;;;;;
38;;;;;;;;;;;;;;;;;;;;;;;;;;;;;;;;;;;;;;;;;;;;;;;;;;;;;;;;;;;;;;;;;;;;;;;;;;;;;;;;;;;;;;;;;ICE_0 ;;;;;;;;;;;;;;;;;;;;ICE_1 ;;;;;;;;;;RE_0 ;RE_0 new_train_s_0 ;new_train_s_0 ;;;;;;;;ICE_2 ;;;;;;;;;;RE_1 ;RE_1 ;;;;;;;;;ICE_3 ;;;;;;;;;;RE_2 ;RE_2 ;;;;;;;;;;;;;RE_3 ;RE_3 ;;;;;;;;;;;;;;;;;;;RE_4 ;RE_4 ;;;;;;;;;;;;;;;;;;;RE_5 ;RE_5 ;;;;;;;;;;;;;;;;;;;;;;;;;;;;;;
38#;;;;;;;;;;;;;;;;;;;;;;;;;;;;;;;;;;;;;;;;;;;;;;;;;;;;;;;;;;;;;;;;;;;;;;;;;;;;;;;;;;;;;;;;;;ICE_0 ;;;;;;;;;;;;;;;;;;;;ICE_1 ;;;;;;;;;;;RE_0 ;RE_0 new_train_s_0 ;new_train_s_0 ;;;;;;;ICE_2 ;;;;;;;;;;;RE_1 ;RE_1 ;;;;;;;;ICE_3 ;;;;;;;;;;;RE_2 ;RE_2 ;;;;;;;;;;;;;RE_3 ;RE_3 ;;;;;;;;;;;;;;;;;;;RE_4 ;RE_4 ;;;;;;;;;;;;;;;;;;;RE_5 ;RE_5 ;;;;;;;;;;;;;;;;;;;;;;;;;;;;
39;;;;;;;;;;;;;;;;;;;;;;;;;;;;;;;;;;;;;;;;;;;;;;;;;;;;;;;;;;;;;;;;;;;;;;;;;;;;;;;;;;;;;;;;;;;ICE_0 ;;;;;;;;;;;;;;;;;;;;ICE_1 ;;;;;;;;;;;;RE_0 ;RE_0 new_train_s_0 ;new_train_s_0 ;;;;;;ICE_2 ;;;;;;;;;;;;RE_1 ;RE_1 ;;;;;;;ICE_3 ;;;;;;;;;;;;RE_2 ;RE_2 ;;;;;;;;;;;;;RE_3 ;RE_3 ;;;;;;;;;;;;;;;;;;;RE_4 ;RE_4 ;;;;;;;;;;;;;;;;;;;RE_5 ;RE_5 ;;;;;;;;;;;;;;;;;;;;;;;;;;
39#;;;;;;;;;;;;;;;;;;;;;;;;;;;;;;;;;;;;;;;;;;;;;;;;;;;;;;;;;;;;;;;;;;;;;;;;;;;;;;;;;;;;;;;;;;;;ICE_0 ;;;;;;;;;;;;;;;;;;;;ICE_1 ;;;;;;;;;;;;;RE_0 ;new_train_s_0 ;;;;;;ICE_2 ;;;;;;;;;;;;;RE_1 ;;;;;;;ICE_3 ;;;;;;;;;;;;;RE_2 ;;;;;;;;;;;;;;RE_3 ;;;;;;;;;;;;;;;;;;;;RE_4 ;;;;;;;;;;;;;;;;;;;;RE_5 ;;;;;;;;;;;;;;;;;;;;;;;;;
40;;;;;;;;;;;;;;;;;;;;;;;;;;;;;;;;;;;;;;;;;;;;;;;;;;;;;;;;;;;;;;;;;;;;;;;;;;;;;;;;;;;;;;;;;;;;;ICE_0 ;;;;;;;;;;;;;;;;;;;;ICE_1 ;;;;;;;;;;;;;RE_0 ;new_train_s_0 ;;;;;;ICE_2 ;;;;;;;;;;;;;RE_1 ;;;;;;;ICE_3 ;;;;;;;;;;;;;RE_2 ;;;;;;;;;;;;;;RE_3 ;;;;;;;;;;;;;;;;;;;;RE_4 ;;;;;;;;;;;;;;;;;;;;RE_5 ;;;;;;;;;;;;;;;;;;;;;;;;
41;;;;;;;;;;;;;;;;;;;;;;;;;;;;;;;;;;;;;;;;;;;;;;;;;;;;;;;;;;;;;;;;;;;;;;;;;;;;;;;;;;;;;;;;;;;;;;ICE_0 ;;;;;;;;;;;;;;;;;;;;ICE_1 ;;;;;;;;;;;;;RE_0 ;RE_0 new_train_s_0 ;new_train_s_0 ;;;;;ICE_2 ;;;;;;;;;;;;;RE_1 ;RE_1 ;;;;;;ICE_3 ;;;;;;;;;;;;;RE_2 ;RE_2 ;;;;;;;;;;;;;RE_3 ;RE_3 ;;;;;;;;;;;;;;;;;;;RE_4 ;RE_4 ;;;;;;;;;;;;;;;;;;;RE_5 ;RE_5 ;;;;;;;;;;;;;;;;;;;;;;
42;;;;;;;;;;;;;;;;;;;;;;;;;;;;;;;;;;;;;;;;;;;;;;;;;;;;;;;;;;;;;;;;;;;;;;;;;;;;;;;;;;;;;;;;;;;;;;;ICE_0 ;;;;;;;;;;;;;;;;;;;;ICE_1 ;;;;;;;;;;;;;;RE_0 ;new_train_s_0 ;;;;;ICE_2 ;;;;;;;;;;;;;;RE_1 ;;;;;;ICE_3 ;;;;;;;;;;;;;;RE_2 ;;;;;;;;;;;;;;RE_3 ;;;;;;;;;;;;;;;;;;;;RE_4 ;;;;;;;;;;;;;;;;;;;;RE_5 ;;;;;;;;;;;;;;;;;;;;;
42#;;;;;;;;;;;;;;;;;;;;;;;;;;;;;;;;;;;;;;;;;;;;;;;;;;;;;;;;;;;;;;;;;;;;;;;;;;;;;;;;;;;;;;;;;;;;;;;;ICE_0 ;;;;;;;;;;;;;;;;;;;;ICE_1 ;;;;;;;;;;;;;;RE_0 ;new_train_s_0 ;;;;;ICE_2 ;;;;;;;;;;;;;;RE_1 ;;;;;;ICE_3 ;;;;;;;;;;;;;;RE_2 ;;;;;;;;;;;;;;RE_3 ;;;;;;;;;;;;;;;;;;;;RE_4 ;;;;;;;;;;;;;;;;;;;;RE_5 ;;;;;;;;;;;;;;;;;;;;
43;;;;;;;;;;;;;;;;;;;;;;;;;;;;;;;;;;;;;;;;;;;;;;;;;;;;;;;;;;;;;;;;;;;;;;;;;;;;;;;;;;;;;;;;;;;;;;;;;ICE_0 ;ICE_0 ;ICE_0 ;ICE_0 ;ICE_0 ;ICE_0 ;ICE_0 ;ICE_0 ;ICE_0 ;ICE_0 ;;;;;;;;;;;ICE_1 ;ICE_1 ;ICE_1 ;ICE_1 ;ICE_1 ;ICE_1 ;ICE_1 ;ICE_1 ;ICE_1 ;ICE_1 ;;;;;RE_0 ;RE_0 new_train_s_0 ;RE_0 new_train_s_0 ;RE_0 new_train_s_0 ;new_train_s_0 ;;ICE_2 ;ICE_2 ;ICE_2 ;ICE_2 ;ICE_2 ;ICE_2 ;ICE_2 ;ICE_2 ;ICE_2 ;ICE_2 ;;;;;RE_1 ;RE_1 ;RE_1 ;RE_1 ;;;ICE_3 ;ICE_3 ;ICE_3 ;ICE_3 ;ICE_3 ;ICE_3 ;ICE_3 ;ICE_3 ;ICE_3 ;ICE_3 ;;;;;RE_2 ;RE_2 ;RE_2 ;RE_2 ;;;;;;;;;;;RE_3 ;RE_3 ;RE_3 ;RE_3 ;;;;;;;;;;;;;;;;;RE_4 ;RE_4 ;RE_4 ;RE_4 ;;;;;;;;;;;;;;;;;RE_5 ;RE_5 ;RE_5 ;RE_5 ;;;;;;;;;;;;;;;;
43#;;;;;;;;;;;;;;;;;;;;;;;;;;;;;;;;;;;;;;;;;;;;;;;;;;;;;;;;;;;;;;;;;;;;;;;;;;;;;;;;;;;;;;;;;;;;;;;;;;;;;;;;;;;ICE_0 ;;;;;;;;;;;;;;;;;;;;ICE_1 ;;;;;;;;RE_0 ;new_train_s_0 ;;;;;;;;;;;ICE_2 ;;;;;;;;RE_1 ;;;;;;;;;;;;ICE_3 ;;;;;;;;RE_2 ;;;;;;;;;;;;;;RE_3 ;;;;;;;;;;;;;;;;;;;;RE_4 ;;;;;;;;;;;;;;;;;;;;RE_5 ;;;;;;;;;;;;;;;
44;;;;;;;;;;;;;;;;;;;;;;;;;;;;;;;;;;;;;;;;;;;;;;;;;;;;;;;;;;;;;;;;;;;;;;;;;;;;;;;;;;;;;;;;;;;;;;;;;;;;;;;;;;;;ICE_0 ;;;;;;;;;;;;;;;;;;;;ICE_1 ;;;;;;;;RE_0 ;RE_0 new_train_s_0 ;new_train_s_0 ;;;;;;;;;;ICE_2 ;;;;;;;;RE_1 ;RE_1 ;;;;;;;;;;;ICE_3 ;;;;;;;;RE_2 ;RE_2 ;;;;;;;;;;;;;RE_3 ;RE_3 ;;;;;;;;;;;;;;;;;;;RE_4 ;RE_4 ;;;;;;;;;;;;;;;;;;;RE_5 ;RE_5 ;;;;;;;;;;;;;
44#;;;;;;;;;;;;;;;;;;;;;;;;;;;;;;;;;;;;;;;;;;;;;;;;;;;;;;;;;;;;;;;;;;;;;;;;;;;;;;;;;;;;;;;;;;;;;;;;;;;;;;;;;;;;;ICE_0 ;;;;;;;;;;;;;;;;;;;;ICE_1 ;;;;;;;;;RE_0 ;RE_0 new_train_s_0 ;new_train_s_0 ;;;;;;;;;ICE_2 ;;;;;;;;;RE_1 ;RE_1 ;;;;;;;;;;ICE_3 ;;;;;;;;;RE_2 ;RE_2 ;;;;;;;;;;;;;RE_3 ;RE_3 ;;;;;;;;;;;;;;;;;;;RE_4 ;RE_4 ;;;;;;;;;;;;;;;;;;;RE_5 ;RE_5 ;;;;;;;;;;;
45;;;;;;;;;;;;;;;;;;;;;;;;;;;;;;;;;;;;;;;;;;;;;;;;;;;;;;;;;;;;;;;;;;;;;;;;;;;;;;;;;;;;;;;;;;;;;;;;;;;;;;;;;;;;;;ICE_0 ;;;;;;;;;;;;;;;;;;;;ICE_1 ;;;;;;;;;;RE_0 ;new_train_s_0 ;;;;;;;;;ICE_2 ;;;;;;;;;;RE_1 ;;;;;;;;;;ICE_3 ;;;;;;;;;;RE_2 ;;;;;;;;;;;;;;RE_3 ;;;;;;;;;;;;;;;;;;;;RE_4 ;;;;;;;;;;;;;;;;;;;;RE_5 ;;;;;;;;;;
45#;;;;;;;;;;;;;;;;;;;;;;;;;;;;;;;;;;;;;;;;;;;;;;;;;;;;;;;;;;;;;;;;;;;;;;;;;;;;;;;;;;;;;;;;;;;;;;;;;;;;;;;;;;;;;;;ICE_0 ;;;;;;;;;;;;;;;;;;;;ICE_1 ;;;;;;;;;;RE_0 ;new_train_s_0 ;;;;;;;;;ICE_2 ;;;;;;;;;;RE_1 ;;;;;;;;;;ICE_3 ;;;;;;;;;;RE_2 ;;;;;;;;;;;;;;RE_3 ;;;;;;;;;;;;;;;;;;;;RE_4 ;;;;;;;;;;;;;;;;;;;;RE_5 ;;;;;;;;;
46;;;;;;;;;;;;;;;;;;;;;;;;;;;;;;;;;;;;;;;;;;;;;;;;;;;;;;;;;;;;;;;;;;;;;;;;;;;;;;;;;;;;;;;;;;;;;;;;;;;;;;;;;;;;;;;;ICE_0 ;;;;;;;;;;;;;;;;;;;;ICE_1 ;;;;;;;;;;RE_0 ;RE_0 new_train_s_0 ;new_train_s_0 ;;;;;;;;ICE_2 ;;;;;;;;;;RE_1 ;RE_1 ;;;;;;;;;ICE_3 ;;;;;;;;;;RE_2 ;RE_2 ;;;;;;;;;;;;;RE_3 ;RE_3 ;;;;;;;;;;;;;;;;;;;RE_4 ;RE_4 ;;;;;;;;;;;;;;;;;;;RE_5 ;RE_5 ;;;;;;;
46#;;;;;;;;;;;;;;;;;;;;;;;;;;;;;;;;;;;;;;;;;;;;;;;;;;;;;;;;;;;;;;;;;;;;;;;;;;;;;;;;;;;;;;;;;;;;;;;;;;;;;;;;;;;;;;;;;ICE_0 ;;;;;;;;;;;;;;;;;;;;ICE_1 ;;;;;;;;;;;RE_0 ;RE_0 new_train_s_0 ;new_train_s_0 ;;;;;;;ICE_2 ;;;;;;;;;;;RE_1 ;RE_1 ;;;;;;;;ICE_3 ;;;;;;;;;;;RE_2 ;RE_2 ;;;;;;;;;;;;;RE_3 ;RE_3 ;;;;;;;;;;;;;;;;;;;RE_4 ;RE_4 ;;;;;;;;;;;;;;;;;;;RE_5 ;RE_5 ;;;;;
47;;;;;;;;;;;;;;;;;;;;;;;;;;;;;;;;;;;;;;;;;;;;;;;;;;;;;;;;;;;;;;;;;;;;;;;;;;;;;;;;;;;;;;;;;;;;;;;;;;;;;;;;;;;;;;;;;;ICE_0 ;;;;;;;;;;;;;;;;;;;;ICE_1 ;;;;;;;;;;;;RE_0 ;new_train_s_0 ;;;;;;;ICE_2 ;;;;;;;;;;;;RE_1 ;;;;;;;;ICE_3 ;;;;;;;;;;;;RE_2 ;;;;;;;;;;;;;;RE_3 ;;;;;;;;;;;;;;;;;;;;RE_4 ;;;;;;;;;;;;;;;;;;;;RE_5 ;;;;
47#;;;;;;;;;;;;;;;;;;;;;;;;;;;;;;;;;;;;;;;;;;;;;;;;;;;;;;;;;;;;;;;;;;;;;;;;;;;;;;;;;;;;;;;;;;;;;;;;;;;;;;;;;;;;;;;;;;;ICE_0 ;;;;;;;;;;;;;;;;;;;;ICE_1 ;;;;;;;;;;;;RE_0 ;new_train_s_0 ;;;;;;;ICE_2 ;;;;;;;;;;;;RE_1 ;;;;;;;;ICE_3 ;;;;;;;;;;;;RE_2 ;;;;;;;;;;;;;;RE_3 ;;;;;;;;;;;;;;;;;;;;RE_4 ;;;;;;;;;;;;;;;;;;;;RE_5 ;;;
48;;;;;;;;;;;;;;;;;;;;;;;;;;;;;;;;;;;;;;;;;;;;;;;;;;;;;;;;;;;;;;;;;;;;;;;;;;;;;;;;;;;;;;;;;;;;;;;;;;;;;;;;;;;;;;;;;;;;ICE_0 ;;;;;;;;;;;;;;;;;;;;ICE_1 ;;;;;;;;;;;;RE_0 ;RE_0 new_train_s_0 ;new_train_s_0 ;;;;;;ICE_2 ;;;;;;;;;;;;RE_1 ;RE_1 ;;;;;;;ICE_3 ;;;;;;;;;;;;RE_2 ;RE_2 ;;;;;;;;;;;;;RE_3 ;RE_3 ;;;;;;;;;;;;;;;;;;;RE_4 ;RE_4 ;;;;;;;;;;;;;;;;;;;RE_5 ;RE_5 ;
49;;;;;;;;;;;;;;;;;;;;;;;;;;;;;;;;;;;;;;;;;;;;;;;;;;;;;;;;;;;;;;;;;;;;;;;;;;;;;;;;;;;;;;;;;;;;;;;;;;;;;;;;;;;;;;;;;;;;;ICE_0_;;;;;;;;;;;;;;;;;;;;ICE_1_;;;;;;;;;;;;;RE_0_;new_train_s_0_;;;;;;ICE_2_;;;;;;;;;;;;;RE_1_;;;;;;;ICE_3_;;;;;;;;;;;;;RE_2_;;;;;;;;;;;;;;RE_3_;;;;;;;;;;;;;;;;;;;;RE_4_;;;;;;;;;;;;;;;;;;;;RE_5_
